,portfolio_return,portfolio_value
2021-05-02,0.0,5000.0
2021-05-03,0.011862205288059533,5059.311026440298
2021-05-04,-0.005605271100095228,5030.952216557398
2021-05-05,0.009383370666130854,5078.159506008949
2021-05-06,0.0044049591185604435,5100.528591030447
2021-05-07,0.00864287842731376,5144.611839557762
2021-05-10,-0.015022609731883262,5067.32634367006
2021-05-11,-0.007596295480418456,5028.8334354678345
2021-05-12,-0.014656903716645802,4955.126307997133
2021-05-13,0.013193986980288258,5020.50417999053
2021-05-14,0.010643717374140944,5073.941007558043
2021-05-17,-0.0019946696443388237,5063.820171453101
2021-05-18,-0.0077267731399868035,5024.693181766593
2021-05-19,0.004698002576365278,5048.299203279977
2021-05-20,0.015148697469797755,5124.774360647487
2021-05-21,-0.0039306313060471386,5104.630762109099
2021-05-24,0.005179510539913422,5131.07025094381
2021-05-25,-0.005051691891633054,5105.1496649617175
2021-05-26,-0.0008583492572350806,5100.767663538724
2021-05-27,-0.0035727465862361966,5082.543913281633
2021-05-28,0.0030489320138533133,5098.040244130652
2021-06-01,0.0006436724852027051,5101.321712364256
2021-06-02,-0.001256016062291215,5094.9143703546115
2021-06-03,-0.0028071987608601044,5080.611933047464
2021-06-04,0.010737599879534484,5135.165511127716
2021-06-07,-0.00012250895329275584,5134.536407375963
2021-06-08,0.00017030775061348453,5135.410858721946
2021-06-09,0.0009595385835163145,5140.338483583099
2021-06-10,0.0006511719354605273,5143.685727742375
2021-06-11,-0.0013571437277921968,5136.7050069192355
2021-06-14,0.0027561281305125457,5150.86242408695
2021-06-15,-0.0013017094744050843,5144.1574976681595
2021-06-16,-0.0043597477874012976,5121.730268399657
2021-06-17,-0.009236167086789916,5074.425111867249
2021-06-18,-0.02128601323467953,4966.410831777653
2021-06-21,0.016177364692049997,5046.754271013867
2021-06-22,0.0018361992994220637,5056.021117670657
2021-06-23,-0.0009209188715318198,5051.364932408531
2021-06-24,0.008780591390502995,5095.718903844327
2021-06-25,-0.0011521814400430963,5089.84771109964
2021-06-28,0.0010875469379028621,5095.383159392239
2021-06-29,0.0020800057653732646,5105.981585740561
2021-06-30,0.0026736988818170594,5119.633442996934
2021-07-01,0.0054060985622435545,5147.310685992334
2021-07-02,0.004819204172392283,5172.116627126867
2021-07-06,-0.006324168099263077,5139.407292147923
2021-07-07,0.004567729560823724,5162.88271476138
2021-07-08,-0.014109558087110698,5090.036721200515
2021-07-09,0.014589382578013321,5164.297214262246
2021-07-12,0.000815876450797074,5168.51064274428
2021-07-13,-0.0052028547890741374,5141.619632394297
2021-07-14,0.002137673841755269,5152.610738186721
2021-07-15,-0.0021791733470294195,5141.382306198448
2021-07-16,-0.008422252162529786,5098.080287951675
2021-07-19,-0.01997218413176304,4996.260489722193
2021-07-20,0.016545654527719264,5078.926889715629
2021-07-21,0.008833899447146852,5123.793619158788
2021-07-22,-0.0047498681521020575,5099.456275029202
2021-07-23,0.00958079603111482,5148.313125469845
2021-07-26,0.0027468580333139024,5162.454810736556
2021-07-27,-0.0038167958992700833,5142.75077438477
2021-07-28,-0.002808560197242865,5128.3070492554925
2021-07-29,0.010084718355280358,5180.024581486633
2021-07-30,3.495365038046791e-05,5180.205642254817
2021-08-02,-0.001817720451265499,5170.7894765171295
2021-08-03,0.0072913920980464016,5208.491730046868
2021-08-04,-0.0010173550996376611,5203.192844423884
2021-08-05,0.00021033392079168036,5204.287252375487
2021-08-06,0.00701591838534196,5240.800106992028
2021-08-09,0.00015894801321634171,5241.633121756698
2021-08-10,0.004291044805858277,5264.125204338026
2021-08-11,0.001731863294212023,5273.241949555556
2021-08-12,0.007040611719577001,5310.368798625762
2021-08-13,0.0059669500553475975,5342.055504022638
2021-08-16,0.008228667828167878,5386.013504284875
2021-08-17,-0.008126527958209066,5342.243914959013
2021-08-18,-0.012591488231831361,5274.977113572235
2021-08-19,-0.0025104011695396837,5261.7348048570275
2021-08-20,0.004192010767151599,5283.792053812885
2021-08-23,0.00780444661694536,5325.029126831907
2021-08-24,-0.0033142000888342384,5307.3809148267155
2021-08-25,-0.00020664704981362319,5306.28416021843
2021-08-26,-0.0021447057232979426,5294.903742210564
2021-08-27,0.003541405332961747,5313.655142560747
2021-08-30,0.004293721612900506,5336.470498489859
2021-08-31,-0.007123867154405619,5298.454191585212
2021-09-01,-0.01965338661204297,5194.321622911788
2021-09-02,0.0005848909250873449,5197.359734491015
2021-09-03,-0.001097933949394577,5191.653376791301
2021-09-07,-0.005525968954122487,5162.964461410587
2021-09-08,0.00763963623496349,5202.40763178981
2021-09-09,-0.0036131164224265542,5183.610727339232
2021-09-10,-0.008545798886993186,5139.312632554931
2021-09-13,0.014743171131179697,5215.082398193322
2021-09-14,-0.008686454278169319,5169.781823384529
2021-09-15,0.01185099468884848,5231.048880315965
2021-09-16,-0.00012591449340111996,5230.390215446243
2021-09-17,-0.007490150948206404,5191.213803214529
2021-09-20,-0.01740471078751542,5100.8622283334225
2021-09-21,0.001111557304722877,5106.532129003711
2021-09-22,0.0039045133399161244,5126.4706518221155
2021-09-23,0.011288913552568898,5184.342935840317
2021-09-24,0.00024716746312269944,5185.624336731727
2021-09-27,0.0015549024457347967,5193.687476695574
2021-09-28,-0.017373586097388902,5103.454500156273
2021-09-29,0.0042685812990659565,5125.239010596273
2021-09-30,-0.011188065819571418,5067.897499204687
2021-10-01,0.00638895926084738,5100.276089865257
2021-10-04,-0.008060864315249163,5059.163456334543
2021-10-05,0.01666459932904374,5143.472388274498
2021-10-06,0.0037707482853195614,5162.867127963173
2021-10-07,0.011685054309140535,5223.195510744297
2021-10-08,0.004015112294163037,5244.167227254304
2021-10-11,-0.004151701705484814,5222.395009233064
2021-10-12,-0.008078403704783957,5180.206394042631
2021-10-13,0.0026979468277789354,5194.182315450678
2021-10-14,0.018139534200888582,5288.402363207446
2021-10-15,0.004612041336186799,5312.792693508946
2021-10-18,-0.0006490595756385505,5309.344374537842
2021-10-19,0.007858469730863283,5351.067696595877
2021-10-20,0.006426896831782956,5385.4584566217845
2021-10-21,0.004435995389276998,5409.348325504501
2021-10-22,0.004766017468147459,5435.129374115149
2021-10-25,0.0029539457531833012,5451.184451447819
2021-10-26,-0.002658100429617883,5436.6946557155
2021-10-27,-0.01943469393409923,5331.034159068515
2021-10-28,0.009278692264850523,5380.499184483918
2021-10-29,0.003784291917246576,5400.860564058513
2021-11-01,0.002477295719768594,5414.240092816921
2021-11-02,0.009808383540329292,5467.345036226698
2021-11-03,0.00995714090731064,5521.784161141292
2021-11-04,-0.006421139545735398,5486.328014501173
2021-11-05,0.010851485548446416,5545.862823664569
2021-11-08,-0.008271212934226177,5499.991811346031
2021-11-09,-0.000538735634061496,5497.028769770212
2021-11-10,-0.004593692709177784,5471.777108788378
2021-11-11,0.003108922359216781,5488.78843898654
2021-11-12,0.00731391295928604,5528.932959881223
2021-11-15,0.004795746429942032,5555.448320384961
2021-11-16,0.00335016473587544,5574.059987439893
2021-11-17,-0.0005344965371216977,5571.080671678898
2021-11-18,0.006907956574603372,5609.565455032468
2021-11-19,0.0008497340313897443,5614.3320937009175
2021-11-22,0.004373236044186265,5638.884893177122
2021-11-23,0.006698253797674589,5676.655575327495
2021-11-24,-0.0007512504243404991,5672.3909854176945
2021-11-26,-0.029326803374597712,5506.037890324509
2021-11-29,0.011379108611133882,5568.69169349553
2021-11-30,-0.014153342493105386,5489.876092718976
2021-12-01,0.0015860927218466548,5498.583545233478
2021-12-02,0.009734873493348731,5552.111560438933
2021-12-03,0.0014481396591673502,5560.151793381728
2021-12-06,0.014874343725356756,5642.855402321646
2021-12-07,0.017864142541802467,5743.6601755715
2021-12-08,0.004786810049389166,5771.153985820201
2021-12-09,-0.0019047601247109882,5760.161321834444
2021-12-10,0.007810165092976605,5805.149132720148
2021-12-13,-0.0045025711851276245,5779.011035509795
2021-12-14,-0.0003305365674579246,5777.100861038815
2021-12-15,0.015586419232054496,5867.145177004829
2021-12-16,-0.009160042405445273,5813.401878384561
2021-12-17,-0.014267165131943333,5730.461113807298
2021-12-20,-0.008548462931551785,5681.474479395218
2021-12-21,0.011150802494707707,5744.827479193676
2021-12-22,0.0076157338443842565,5788.57855625712
2021-12-23,0.006102755425062718,5823.9048354447195
2021-12-27,0.01382887967107744,5904.442914629892
2021-12-28,0.0017256384529203191,5914.63184836645
2021-12-29,0.004581352508497475,5941.728861821803
2021-12-30,-0.002975109644931343,5924.0515669774295
2021-12-31,0.0023710303373824806,5938.097672962952
2022-01-03,0.007938269701950686,5985.235893807458
2022-01-04,0.001587011419787639,5994.734531521053
2022-01-05,-0.011267402873422087,5927.18944243519
2022-01-06,-0.0007002336076134231,5923.039025188906
2022-01-07,-0.0029272906947933955,5905.700568165572
2022-01-10,0.008669618284982793,5956.900737796973
2022-01-11,0.011092418484384362,6022.9771736505545
2022-01-12,0.0013805835663907992,6031.292396957243
2022-01-13,-0.011342136525660131,5962.8846551647775
2022-01-14,0.011857839448480132,6033.591584055526
2022-01-18,-0.013076506230728865,5954.693286112951
2022-01-19,-0.014266572123639479,5869.740224872468
2022-01-20,-0.017934346353629914,5764.470270673772
2022-01-21,-0.00479291636026462,5736.841646805201
2022-01-24,0.002948904612325115,5753.759045597644
2022-01-25,-0.010504700757133882,5693.317528594989
2022-01-26,0.01717238547744426,5791.085371841511
2022-01-27,-0.00024968551277823863,5789.6394217209
2022-01-28,0.02936642811032357,5959.6604515835625
2022-01-31,0.012183370377637903,6032.269202190166
2022-02-01,0.007404934784231377,6076.937762233311
2022-02-02,0.013747209736555676,6160.478700206728
2022-02-03,-0.011743688253881848,6088.13195885682
2022-02-04,-0.0024477247912927996,6073.229887328464
2022-02-07,0.002068904963484954,6085.794822786743
2022-02-08,0.012373750069372382,6161.098926897387
2022-02-09,0.00924251496639292,6218.042975938663
2022-02-10,-0.018959499258860764,6100.1519947447905
2022-02-11,-0.018061229600788077,5989.975748968
2022-02-14,0.0002660953757497376,5991.5696538156535
2022-02-15,0.024776284576150595,6140.018488616418
2022-02-16,0.009166214509735494,6196.2992151768185
2022-02-17,-0.018389802406730278,6082.350496956738
2022-02-18,-0.0033801001527870205,6061.791543112671
2022-02-22,-0.001098055294582069,6055.1353608141035
2022-02-23,-0.015120343030540207,5963.579637062241
2022-02-24,0.005589102741079368,5996.91069635839
2022-02-25,0.02644098650769267,6155.47493116864
2022-02-28,-0.007246963405589073,6110.866429598439
2022-03-01,-0.01320811617931996,6030.153395839997
2022-03-02,0.0218227839350359,6161.748130492537
2022-03-03,0.00178490890250322,6172.746289585635
2022-03-04,-0.006729245066150342,6131.208367071843
2022-03-07,-0.024475161326798372,5981.146053159544
2022-03-08,-0.00525481039200244,5949.716264723317
2022-03-09,0.019678274319445153,6066.796413503408
2022-03-10,-0.004370679533413882,6040.28039058552
2022-03-11,-0.008200328721244748,5990.748105814229
2022-03-14,-0.003742978958569857,5968.324861708074
2022-03-15,0.020824284002363233,6092.610953646647
2022-03-16,0.01219077787084098,6166.884620436007
2022-03-17,0.011402783559449198,6237.204270998935
2022-03-18,0.006929840590336644,6280.4271023263245
2022-03-21,0.0170063126661713,6387.234009305583
2022-03-22,0.005528145830895107,6422.543570365076
2022-03-23,-0.005844818695113768,6385.004967634824
2022-03-24,0.01948094857599466,6509.390921066788
2022-03-25,0.01192855091722616,6587.038522108864
2022-03-28,0.001036524037532638,6593.866145873183
2022-03-29,0.001844179968436917,6606.026421733957
2022-03-30,-0.0009121308912505613,6600.000860966276
2022-03-31,-0.005052478524340339,6566.654498355616
2022-04-01,0.0034200493247903384,6589.112780638849
2022-04-04,-0.005230885366361768,6554.645887017297
2022-04-05,-0.0046001082994011665,6524.493806072793
2022-04-06,0.006837374779606824,6569.104215472137
2022-04-07,0.009476903880938189,6631.358984706032
2022-04-08,0.0032008543636831135,6652.584999049377
2022-04-11,-0.018487620833182193,6529.594530026436
2022-04-12,-0.00019235161995288992,6528.338551940949
2022-04-13,-0.0017582233862043768,6516.860274425868
2022-04-14,0.0038363899435589427,6541.861491646254
2022-04-18,-0.001310888459509875,6533.285840913142
2022-04-19,0.0015676007951643293,6543.527424992393
2022-04-20,0.00811255546117796,6596.612154139384
2022-04-21,-0.009215701730840485,6535.819744092798
2022-04-22,-0.030314561057885776,6337.689237397161
2022-04-25,0.0026668076845039962,6354.590635757451
2022-04-26,-0.016953758463586627,6246.85644098385
2022-04-27,0.013467687059378838,6330.987148635886
2022-04-28,0.010992244696654172,6400.578908545065
2022-04-29,-0.03799272843637107,6157.403452237148
2022-05-02,0.006986723752404415,6200.42352919003
2022-05-03,0.008580243734566758,6253.6246743280235
2022-05-04,0.02517734014376746,6411.074309885036
2022-05-05,-0.02574449807246877,6246.024419671746
2022-05-06,-5.863189835941937e-05,6245.6582034028215
2022-05-09,-0.03169700478574918,6047.689545439409
2022-05-10,0.012588166787326998,6123.818870115374
2022-05-11,-0.016398914003594313,6023.394891090764
2022-05-12,-0.003081304669265414,6004.834976288017
2022-05-13,0.018710186542133127,6117.186558849092
2022-05-16,0.0033780822736615944,6137.85091832822
2022-05-17,0.018993253630373224,6254.428677565446
2022-05-18,-0.032857127266405994,6048.926118528019
2022-05-19,-0.008811864194415025,5995.623803049501
2022-05-20,0.0024960404172628212,6010.589122388616
2022-05-23,0.013019317277138981,6088.842889195513
2022-05-24,-4.07814289521269e-05,6088.5945774818265
2022-05-25,0.008147143642805332,6138.199232087376
2022-05-26,0.006688293769526028,6179.253311767456
2022-05-27,0.01478473861660401,6270.611956827722
2022-05-31,0.0006892571365974668,6274.934020869799
2022-06-01,-0.018364639281731536,6159.69712105986
2022-06-02,0.018804073776945082,6275.524520167906
2022-06-03,-0.01809462993496087,6161.971226327695
2022-06-06,0.0029763435280856635,6180.311369507425
2022-06-07,0.01298246179261136,6260.547025728497
2022-06-08,-0.00779103066263076,6211.770911886204
2022-06-09,-0.026639738995238034,6046.290956095344
2022-06-10,-0.022152764197990542,5912.348898272521
2022-06-13,-0.036387470797719215,5697.213475390702
2022-06-14,0.0020959407903886665,5709.154497505326
2022-06-15,0.005202406919608964,5738.855842368264
2022-06-16,-0.031118699819386392,5560.270110102874
2022-06-17,0.0038756023530436196,5581.819506025146
2022-06-21,0.026130354108722192,5727.674426288556
2022-06-22,-0.0019760022240685737,5716.35652888347
2022-06-23,-0.010331251918803144,5657.299409525879
2022-06-24,0.028069372137970755,5816.0962519477835
2022-06-27,0.006822623783179419,5855.777288561583
2022-06-28,-0.010794741666459206,5792.5656854752415
2022-06-29,0.005968420386833143,5827.138152604502
2022-06-30,-0.001693545463634003,5817.26962922019
2022-07-01,-0.0013294564580275973,5809.535822543535
2022-07-05,-0.012941671620675636,5734.350717659624
2022-07-06,0.0032890669078982646,5753.2113808433605
2022-07-07,0.01575926591464853,5843.8777688572545
2022-07-08,-0.00041706210140938257,5841.440508914595
2022-07-11,-0.007025459421196124,5800.401705657884
2022-07-12,-0.00020731298436993514,5799.19920706974
2022-07-13,0.0003225697260302589,5801.06985316916
2022-07-14,-0.003223540204610671,5782.369871267714
2022-07-15,0.01654170629957575,5878.020135393741
2022-07-18,-0.011502804939032033,5810.406416348605
2022-07-19,0.02075417467988732,5930.996606074642
2022-07-20,0.00349031831012541,5951.697672126116
2022-07-21,0.004574289214502161,5978.9224585957
2022-07-22,-0.004279455832253463,5953.3359240096715
2022-07-25,0.007294936308853375,5996.765130400532
2022-07-26,0.00700828425972926,6038.792165073211
2022-07-27,0.01937373840237437,6155.786144745649
2022-07-28,-0.006752184923768395,6114.221138345155
2022-07-29,0.014672337959560888,6203.931057246446
2022-08-01,-0.006896031234808269,6161.148554897077
2022-08-02,-0.006184972055495045,6123.042023255285
2022-08-03,0.014368120046165805,6211.018626093136
2022-08-04,-0.003263661289402975,6190.7479650353935
2022-08-05,0.001504457328329242,6200.06168117923
2022-08-08,0.002083042505984852,6212.976673200854
2022-08-09,-0.0031491248613110374,6193.4112338965315
2022-08-10,0.01613613301264162,6293.348941368676
2022-08-11,0.004734205817904955,6323.14295054101
2022-08-12,0.02087193472033432,6455.119177432044
2022-08-15,0.0002367770721861419,6456.647601651488
2022-08-16,0.002493829646609959,6472.7493808582
2022-08-17,-0.01024271477411961,6406.45085514571
2022-08-18,0.0035758054160797805,6429.359076811388
2022-08-19,-0.007921675955010164,6378.4277776064855
2022-08-22,-0.016864892544811237,6270.856278532313
2022-08-23,0.0021570237559221444,6284.3826644950805
2022-08-24,-5.095482755635371e-06,6284.3506425315845
2022-08-25,0.01695888596755222,6390.926228458391
2022-08-26,-0.0281841827073852,6210.803195966099
2022-08-29,-0.006501786411363878,6170.4218801429115
2022-08-30,-0.015659360498968704,6073.7970194910295
2022-08-31,-0.0046632601772218785,6045.473323725509
2022-09-01,0.00506208798789191,6076.076041618661
2022-09-02,-0.009484874587796776,6018.445222377992
2022-09-06,-0.0066409745051659065,5978.476881095443
2022-09-07,0.015266599479681037,6069.747893137659
2022-09-08,0.011030365458960734,6136.699430642725
2022-09-09,0.010572978271687704,6201.582620382788
2022-09-12,0.006090662102409162,6239.354364623714
2022-09-13,-0.030848055903963646,6046.882412379162
2022-09-14,0.005537394836655558,6080.366387827333
2022-09-15,-0.003718014187381254,6057.759499332914
2022-09-16,-0.0024334051862684282,6043.018515950071
2022-09-19,0.013641932846744932,6125.456968736298
2022-09-20,-0.0036385825421816915,6103.168987946969
2022-09-21,-0.016652931414113878,6001.533333381941
2022-09-22,-0.005324334259888005,5969.5791638431565
2022-09-23,-0.021710477685048545,5839.976748617408
2022-09-26,-0.010663117018360469,5777.704393162396
2022-09-27,0.008612044455385616,5827.462240246388
2022-09-28,0.016969972582285626,5926.354114687674
2022-09-29,-0.015438581981889092,5834.859610834363
2022-09-30,-0.02332848607773104,5698.7411696374975
2022-10-03,0.03046924263419769,5872.377497044674
2022-10-04,0.03493292234620479,6077.516804136536
2022-10-05,0.0020086470171145183,6089.724390136628
2022-10-06,-0.007817210606107714,6042.119732045779
2022-10-07,-0.027971138138020178,5873.114766374269
2022-10-10,0.0012612644764151432,5880.522317395006
2022-10-11,-0.0013348017367853515,5872.672985992542
2022-10-12,-0.008433254743733696,5823.147238675024
2022-10-13,0.032107028507546514,6010.111193070803
2022-10-14,-0.02937627230270841,5833.556530093599
2022-10-17,0.021681836827134444,5960.038750900953
2022-10-18,0.012008444388361862,6031.6095447936295
2022-10-19,9.644184231366479e-05,6032.191244330246
2022-10-20,-0.004842916324417538,6002.97784688107
2022-10-21,0.023606979626748174,6144.6900226122125
2022-10-24,0.009047430912485794,6200.283681070437
2022-10-25,0.008675692608190191,6254.075436370982
2022-10-26,-0.003523704339057407,6232.037923619049
2022-10-27,0.0072566178242513026,6277.261441096993
2022-10-28,0.03430817855099718,6492.622847429438
2022-10-31,-0.0005212574463110977,6489.238519424125
2022-11-01,-0.005925942743539865,6450.783663508844
2022-11-02,-0.016230776841747285,6346.082433412043
2022-11-03,-0.01107410985006603,6275.805219426864
2022-11-04,0.008459856797866492,6328.897632874518
2022-11-07,0.016000568216054587,6430.163591181755
2022-11-08,0.0049021396914663805,6461.685151344708
2022-11-09,-0.019048034150666828,6338.602751911038
2022-11-10,0.04256066449393785,6608.377896995475
2022-11-11,0.0008943562289467433,6614.288140930887
2022-11-14,-0.0020503224548911432,6600.726717432416
2022-11-15,0.008934698906288459,6659.702223215368
2022-11-16,-0.005418252897137576,6623.618272350358
2022-11-17,0.002090728297427102,6637.466458503717
2022-11-18,0.010057556772300292,6704.223154234357
2022-11-21,-0.004563327478282448,6673.629588494101
2022-11-22,0.02330181228642851,6829.137252434346
2022-11-23,0.000711029729465621,6833.992972047429
2022-11-25,-0.0025001383430867446,6816.907044181628
2022-11-28,-0.015209770453605585,6713.223452836059
2022-11-29,-0.000941542599450147,6706.902666975586
2022-11-30,0.028604119456323997,6898.747712043693
2022-12-01,-0.012741252339645546,6810.849026616993
2022-12-02,0.0021790280216087937,6825.690057496938
2022-12-05,-0.00896084609978816,6764.5260993668535
2022-12-06,-0.002120234631515268,6750.183716865186
2022-12-07,0.0025136553369795147,6767.151352190678
2022-12-08,0.007235630456468938,6816.115958618123
2022-12-09,-0.008203706373168753,6760.19854468815
2022-12-12,0.01331775244332626,6850.229195374041
2022-12-13,0.003917832947307082,6877.067249012283
2022-12-14,-0.006884453634806783,6829.72239839301
2022-12-15,-0.01741135060024435,6710.807707212248
2022-12-16,-0.004565695358435119,6680.168203612078
2022-12-19,-0.004806462120934665,6648.060228179944
2022-12-20,0.00402837870089672,6674.841132405423
2022-12-21,0.01700163350658932,6788.3243350532875
2022-12-22,-0.011084742579018368,6713.077507256336
2022-12-23,0.0034459748372339003,6736.210603426742
2022-12-27,-0.0014284779060501017,6726.588075409247
2022-12-28,-0.017418914454165685,6609.4182131552825
2022-12-29,0.011249863634213604,6683.773266754767
2022-12-30,-0.0022397170733526772,6668.803505654798
2023-01-03,-0.016366787666738474,6559.656614686544
2023-01-04,0.0016560242577846138,6570.519565163202
2023-01-05,-0.01432224853902728,6476.414950920393
2023-01-06,0.02553839761736714,6641.812211072059
2023-01-09,-0.008344587726262787,6586.389026415404
2023-01-10,0.0042208970466643255,6614.1894964051835
2023-01-11,0.002147742634345693,6628.395073178255
2023-01-12,-0.005399758864500786,6592.603338124446
2023-01-13,0.008704105433236079,6649.986052658986
2023-01-17,-0.0016498711263658351,6639.014432679968
2023-01-18,-0.015430339752149433,6536.572184364292
2023-01-19,-0.003705825088926556,6512.348791167896
2023-01-20,0.0032816720830585637,6533.720184391012
2023-01-23,0.009947855412020146,6598.716688087932
2023-01-24,0.006161555868192645,6639.375049619961
2023-01-25,0.0006168094735600372,6643.470279049086
2023-01-26,0.0034315068648649834,6666.267392918168
2023-01-27,-0.003800408688644033,6640.932852397298
2023-01-30,-0.010620215568729222,6570.4047139273825
2023-01-31,0.010279126037123476,6637.942732096753
2023-02-01,0.0067222777233134235,6682.564826653356
2023-02-02,-0.003281161920548623,6660.638249412544
2023-02-03,0.004475380449657167,6690.4471396162035
2023-02-06,-0.0016352185655159454,6679.5067962419
2023-02-07,0.01205862166602924,6760.052441613452
2023-02-08,-0.007902563082624384,6706.6307007517535
2023-02-09,0.0024602217512206845,6723.130499479147
2023-02-10,0.008695772539271871,6781.593313054459
2023-02-13,0.010946148240935576,6855.825638768891
2023-02-14,0.002852380342982919,6875.381061055834
2023-02-15,0.020751903771072677,7018.05830722432
2023-02-16,-0.009879292984021397,6948.724853028305
2023-02-17,0.002249637757436893,6964.356966823717
2023-02-21,-0.012651478957534747,6876.247551205187
2023-02-22,-0.001876854104920115,6863.34183776226
2023-02-23,0.006947072267584316,6911.021969506331
2023-02-24,-0.004855106538666448,6877.468221553312
2023-02-27,0.003458854289355238,6901.2563820113355
2023-02-28,-0.0024884396255334023,6884.083022164375
2023-03-01,0.00040565197631953106,6886.875564047463
2023-03-02,0.0044555691722705645,6917.560514503896
2023-03-03,0.013337736585745686,7009.825114462305
2023-03-06,0.0038852688702062273,7037.060169765115
2023-03-07,-0.012635032555198319,6948.146685427243
2023-03-08,-0.0024373228832819086,6931.211808514452
2023-03-09,-0.019457653066376455,6796.346693814807
2023-03-10,-0.010121348768501449,6727.558498575055
2023-03-13,0.0036822759024613804,6752.331225116756
2023-03-14,0.020842393205506037,6893.065967564456
2023-03-15,-0.022198423180625575,6740.050772204491
2023-03-16,0.01912376819859603,6868.945940818898
2023-03-17,-0.017936681808392738,6745.739843119378
2023-03-20,0.02184483659866006,6893.099427729392
2023-03-21,0.0115073339544265,6972.42062482534
2023-03-22,-0.013516765992842752,6878.176046835905
2023-03-23,0.000958234910369614,6884.766955243652
2023-03-24,0.008617785086988038,6944.098397237938
2023-03-27,-0.00220233427143762,6928.805171353466
2023-03-28,0.002192310177336638,6943.995261447408
2023-03-29,0.013793651206833762,7039.77831006572
2023-03-30,0.00859759047489742,7100.30344100973
2023-03-31,0.008572600020338139,7161.171502432536
2023-04-03,0.00599351461480934,7204.092088491521
2023-04-04,-0.007315067931585438,7151.393665478809
2023-04-05,-0.003712343023938864,7124.845239093328
2023-04-06,-0.0019967568813162593,7110.618655333855
2023-04-10,0.0029964810485179965,7131.925489377801
2023-04-11,0.0013894886897226396,7141.8352191812355
2023-04-12,0.0009530220319906948,7148.6415454939615
2023-04-13,0.010200211313106307,7221.559199859651
2023-04-14,-0.0017047056310446765,7209.2485672267285
2023-04-17,0.0036368133522347397,7235.467258675596
2023-04-18,0.004054672791666279,7264.804710904341
2023-04-19,0.0005513900056896375,7268.810451615222
2023-04-20,-0.004329175691392523,7237.342494102749
2023-04-21,-0.004459776625593664,7205.065563216133
2023-04-24,0.006158875729402535,7249.440666642178
2023-04-25,-0.019021606720535607,7111.544657337453
2023-04-26,-0.0021510015438596076,7096.247713800293
2023-04-27,-0.006725678147519958,7048.520635622197
2023-04-28,0.010476658340501174,7122.365578127583
2023-05-01,0.00777324111540291,7177.729443078416
2023-05-02,-0.00824918545780646,7118.519021736503
2023-05-03,-0.008205362623810135,7060.108991818665
2023-05-04,-0.014951421734784554,6954.55032478844
2023-05-05,0.02243933146170047,7110.605784693444
2023-05-08,0.0024492764575543588,7128.021624040843
2023-05-09,-0.007919666397989219,7071.570070700785
2023-05-10,0.004120497347446081,7100.7084564193865
2023-05-11,0.0004549538289738605,7103.938950920061
2023-05-12,-0.00039534316653974216,7101.1304572003
2023-05-15,-8.92136645831796e-06,7101.067105413223
2023-05-16,-0.015412759277955433,6991.620067500881
2023-05-17,0.0022156489624078797,7007.1110432489895
2023-05-18,0.012910778475899958,7097.578301684409
2023-05-19,0.0037758396584190957,7124.377619314643
2023-05-22,-0.006623106391969237,7077.192108365358
2023-05-23,-0.006373436800150893,7032.086071740165
2023-05-24,-0.026951824822219646,6842.558519799853
2023-05-25,0.0009066247364432901,6848.762152614465
2023-05-26,-0.0004043720850186944,6845.992704383015
2023-05-30,-0.0014883048250688563,6835.803780408694
2023-05-31,-0.003932682116099542,6808.9207371323155
2023-06-01,-0.0006557677756313844,6804.4556663260755
2023-06-02,0.012976173201956414,6892.751461597357
2023-06-05,-0.007707260827237533,6839.627228265504
2023-06-06,0.0037782065914862034,6865.468752942645
2023-06-07,0.005546360771068674,6903.547119508964
2023-06-08,0.0023236038669755387,6919.588228291703
2023-06-09,0.004284886091892338,6949.237875652731
2023-06-12,0.007141734261415365,6998.867485880006
2023-06-13,0.008714306261393516,7059.857760634874
2023-06-14,-0.007239737680024593,7008.74624238959
2023-06-15,0.0034711989185439865,7033.074994766524
2023-06-16,0.00685189206878621,7081.264865542343
2023-06-20,-0.006238565101695858,7037.087933676305
2023-06-21,-0.004135723835154679,7007.9844813789205
2023-06-22,0.00608319594388884,7050.61542415088
2023-06-23,-0.003682510356988176,7024.651459828304
2023-06-26,-0.0037643307596430566,6998.2083482623
2023-06-27,0.006466145434634129,7043.459781224035
2023-06-28,0.0002050459242015825,7044.904013944453
2023-06-29,0.006609755699472397,7091.469108402858
2023-06-30,0.02000185037884586,7233.311612475341
2023-07-03,-0.0008351360700628801,7227.270813041758
2023-07-05,-0.0009658477510701463,7220.290369780607
2023-07-06,-0.004348983171316536,7188.889448470412
2023-07-07,0.00033542336002708427,7191.300769924082
2023-07-10,0.003677940614851738,7217.7499470994
2023-07-11,0.009093261162388837,7283.382832373193
2023-07-12,0.00247482343497974,7301.407918892681
2023-07-13,0.004116495706218283,7331.464133240151
2023-07-14,-0.0047127458862161456,7296.9128058062815
2023-07-17,0.019154463909399122,7436.681258795132
2023-07-18,0.006032503428357556,7481.543063984415
2023-07-19,0.0014619924180002397,7492.481023218902
2023-07-20,0.005399876404816609,7532.939494709718
2023-07-21,0.004087477959376731,7563.730218863662
2023-07-24,0.00022832132583884551,7565.457179775521
2023-07-25,0.009651840317356846,7638.477764402516
2023-07-26,0.0008039485196275429,7644.618707293415
2023-07-27,0.004156465160722017,7676.393298617285
2023-07-28,0.003751697998752201,7705.192807993342
2023-07-31,-0.002103160528967918,7688.987550611483
2023-08-01,-0.003767633463539677,7660.018263815059
2023-08-02,-0.008778007491791704,7592.77856610803
2023-08-03,-0.0024120165590167204,7574.46465847763
2023-08-04,-0.015021081845918969,7460.688004903616
2023-08-07,0.009744602152129007,7533.389441292563
2023-08-08,-0.010126190354629694,7457.104905794477
2023-08-09,-0.0017142561495397464,7444.321517851955
2023-08-10,-0.0005698804985078214,7440.079144194309
2023-08-11,-0.003311483009659102,7415.441448517791
2023-08-14,0.00661786126782454,7464.515811263757
2023-08-15,-0.012712013444622566,7369.626785913375
2023-08-16,-0.008009597116821917,7310.599044456869
2023-08-17,-0.012839654252377954,7216.733480348278
2023-08-18,0.004279744602626579,7247.619256509393
2023-08-21,0.0017033056692499216,7259.96416747757
2023-08-22,-0.006839952302508092,7210.306358854106
2023-08-23,0.006870599601151549,7259.845486847429
2023-08-24,-0.012062532862921065,7172.273362082603
2023-08-25,0.006907223258473982,7221.813855465313
2023-08-28,0.0041606279423268,7251.8611359866445
2023-08-29,0.013087874133648024,7346.772581769131
2023-08-30,0.005169476708408942,7384.751551512564
2023-08-31,-0.005556114297440557,7343.721027834159
2023-09-01,0.00572147745177282,7385.737962107023
2023-09-05,-0.008823985885526554,7320.566314575193
2023-09-06,-0.00919563932584987,7253.249027085393
2023-09-07,0.0011031239494154032,7261.250259798246
2023-09-08,-0.0011426909050390377,7252.952895167162
2023-09-11,0.005389499084655599,7292.042678156716
2023-09-12,-0.003592189028755703,7265.848282451023
2023-09-13,9.754175522371108e-05,7266.557006045683
2023-09-14,0.013411549837264697,7364.01279747759
2023-09-15,-0.007888136543571359,7305.924459022479
2023-09-18,0.011120804229170757,7387.172214644379
2023-09-19,0.0009086191860292422,7393.884341049106
2023-09-20,-0.005825955870867663,7350.807897163854
2023-09-21,-0.00834950219879024,7289.4323104636005
2023-09-22,-0.0011722310944626809,7280.8874112482945
2023-09-25,0.005220804856708857,7318.89950360609
2023-09-26,-0.012070766655771704,7230.554775521017
2023-09-27,-0.0019281962841601805,7216.612846670441
2023-09-28,0.003865402533435239,7244.507960250783
2023-09-29,-0.011436493441775148,7161.656192474488
2023-10-02,-0.0018196311621663547,7148.624619693941
2023-10-03,-0.011733407930096498,7064.746890891941
2023-10-04,0.009965424826887776,7135.150094954112
2023-10-05,0.0011773001662853616,7143.550308347373
2023-10-06,0.00677926332911724,7191.978316992457
2023-10-09,0.004703838027450841,7225.808218092528
2023-10-10,0.0022572465825958384,7242.11864899931
2023-10-11,0.00261224507559322,7261.036837777019
2023-10-12,-0.004341293693620355,7229.514544344033
2023-10-13,-0.0012471229646346612,7220.498450732622
2023-10-16,0.00776500010521132,7276.56562196224
2023-10-17,0.004701932420587992,7310.77954177068
2023-10-18,-0.007407504764596602,7256.624907482099
2023-10-19,-0.014181210889559287,7153.717179322666
2023-10-20,-0.009689323492416245,7084.402499398953
2023-10-23,-0.008505917840772934,7024.143153788099
2023-10-24,-0.0002967824709205484,7022.058511226818
2023-10-25,-0.005650043855395736,6982.383572683233
2023-10-26,-0.0039038325567962652,6955.125516368153
2023-10-27,-0.01508536225894426,6850.204928397312
2023-10-30,0.008557597824810737,6908.826227192072
2023-10-31,0.011013308968651936,6984.915265042863
2023-11-01,0.015104669276002097,7090.420100042235
2023-11-02,0.005573266327217145,7129.936899631625
2023-11-03,0.0011974614276628022,7138.474724050604
2023-11-06,0.0003211998489843651,7140.767601053947
2023-11-07,0.00424119860036328,7171.053014609056
2023-11-08,-0.0012967533103291373,7161.753927873815
2023-11-09,-0.006582451819422649,7114.612027701025
2023-11-10,0.01534821813134468,7223.808645022068
2023-11-13,-0.0006388765996706816,7219.193522718266
2023-11-14,0.009903492306544644,7290.688750229963
2023-11-15,-0.0020684739744690956,7275.608150294158
2023-11-16,0.0034353069891942195,7300.602097823502
2023-11-17,0.0034230948780148984,7325.592751470987
2023-11-20,0.0038223794639943515,7353.593946765796
2023-11-21,0.001245521082265757,7362.753003056914
2023-11-22,0.003104550441943342,7385.611041146475
2023-11-24,0.0007358404991029564,7391.045672861172
2023-11-27,-0.0008611780437646433,7384.680666607242
2023-11-28,-0.0049418431180923116,7348.186733275659
2023-11-29,-0.008233588235310063,7287.6847894377
2023-11-30,0.01161928361764225,7372.362465922154
2023-12-01,0.003581693246953722,7398.768006780443
2023-12-04,-0.003401127972400865,7373.603849951277
2023-12-05,0.0002704753262821654,7375.598227858468
2023-12-06,-0.005856366260884606,7332.404023242996
2023-12-07,0.00609261233688708,7377.077518454048
2023-12-08,0.006029601375488917,7421.558355206408
2023-12-11,0.01010846011453909,7496.578881827737
2023-12-12,0.0054637168252780755,7537.538065996403
2023-12-13,0.0031733313675924644,7561.457171975653
2023-12-14,0.0027368847962851994,7582.152009147395
2023-12-15,-0.006021997911823558,7536.4923055811805
2023-12-18,-0.012429570123242643,7442.816945985681
2023-12-19,0.007473994860251222,7498.444521585768
2023-12-20,-0.022410313825897955,7330.402026650945
2023-12-21,0.007490630907008535,7385.311362632575
2023-12-22,0.0034376096447802334,7410.699180202465
2023-12-26,0.0025238279371094007,7429.402509826973
2023-12-27,0.00039643867096173896,7432.347812284009
2023-12-28,0.00286159965052612,7453.616216186229
2023-12-29,-0.0020497419156729818,7438.338226604573
2024-01-02,-0.0009718525544324839,7431.109258598315
2024-01-03,-0.000773116785588503,7425.36414329495
2024-01-04,-0.006748863027657327,7375.251377761375
2024-01-05,-0.0037684403748832838,7347.458182694505
2024-01-08,0.008077685587988867,7406.808639765208
2024-01-09,-0.0021501678633259022,7390.88275785818
2024-01-10,0.0011834762721336133,7399.629692232227
2024-01-11,0.0007546139583724007,7405.213556084773
2024-01-12,-0.001525149341131096,7393.9194995087755
2024-01-16,-0.0042885730214791825,7362.210135820193
2024-01-17,-0.002096271783106783,7346.776942451171
2024-01-18,0.013180933295179765,7443.614319264185
2024-01-19,0.013223396859584515,7542.044185477501
2024-01-22,-0.04361461346813302,7213.10084356832
2024-01-23,0.010073362552314816,7285.761023491991
2024-01-24,-0.006961626944423631,7235.040273240219
2024-01-25,-0.006312627966639565,7189.368155671599
2024-01-26,-0.002741026101564939,7169.661909903144
2024-01-29,0.012738237723678545,7260.990767709893
2024-01-30,0.0008792429012748734,7267.374942298625
2024-01-31,-0.0038547000641023467,7239.36139164269
2024-02-01,0.0096061796948519,7308.903998046783
2024-02-02,-0.0005206952182531275,7305.098286684329
2024-02-05,-0.0034205950322516274,7280.110503774786
2024-02-06,0.001824602894215661,7293.393814470183
2024-02-07,0.005336751293989693,7332.316843347135
2024-02-08,-0.0038384371016144214,7304.172206334838
2024-02-09,0.0037597646960034216,7331.634175129745
2024-02-12,-0.0022168956644233583,7315.380707113763
2024-02-13,-0.014063632995725602,7212.499877624903
2024-02-14,0.007083894356260475,7263.592464802539
2024-02-15,0.013349557432375874,7360.558209576794
2024-02-16,-0.005302684508396724,7321.527491585719
2024-02-20,-0.004201677351582697,7290.7647953453325
2024-02-21,0.005031243542678662,7327.446408643103
2024-02-22,0.004097236976920259,7357.4686930149965
2024-02-23,0.00012822869142803265,7358.412131597724
2024-02-26,-0.002909512747629484,7337.002737698528
2024-02-27,0.0003208285217381615,7339.356657440853
2024-02-28,-0.0005528943387574398,7335.298768694833
2024-02-29,0.00020912031244008263,7336.832728665184
2024-03-01,0.00986437236757811,7409.205978699371
2024-03-04,-0.012514769627377444,7316.481472754162
2024-03-05,-0.006822286511947851,7266.566339887675
2024-03-06,0.008801530821204733,7330.523247492525
2024-03-07,0.003964865526322678,7359.587786406415
2024-03-08,-0.0002961055910785924,7357.408571314826
2024-03-11,0.012084161373187918,7446.31668377907
2024-03-12,0.01220926442983662,7537.2307331996335
2024-03-13,0.00018262013308220095,7538.607183279201
2024-03-14,-0.0006638787327013979,7533.602462296033
2024-03-15,0.002335228866331948,7551.195148233455
2024-03-18,0.0005469453019173237,7555.325238943642
2024-03-19,0.005960240946537742,7600.356797797204
2024-03-20,0.00527507577131461,7640.449255794611
2024-03-21,-0.005477071122912833,7598.601971809618
2024-03-22,-0.0010750817437899405,7590.432853551399
2024-03-25,-0.00221813334385656,7573.596261344632
2024-03-26,-0.0054340818807900836,7532.440719128439
2024-03-27,0.015912643587910183,7652.301763638992
2024-03-28,0.005970020950570809,7697.986165488008
2024-04-01,-0.0060919495479483,7651.090422147051
2024-04-02,-0.00390104303702564,7621.24318913008
2024-04-03,-0.0008088042622221918,7615.079095155281
2024-04-04,-0.015693615388457257,7495.570972683232
2024-04-05,0.015390817153248752,7610.933934983
2024-04-08,-0.001206136153262522,7601.754112403924
2024-04-09,0.004639318183240701,7637.021068482125
2024-04-10,-0.00906999922466718,7567.753293312225
2024-04-11,0.003179502970088294,7591.814987385207
2024-04-12,-0.018971687085689883,7447.785449032084
2024-04-15,-0.009149223028720885,7379.643998888828
2024-04-16,-0.00014441936750270927,7378.578235370112
2024-04-17,-0.0014164378568861855,7368.126937827538
2024-04-18,0.00338351342105868,7393.057094209742
2024-04-19,0.001405409417233573,7403.447366272089
2024-04-22,0.007675130980731096,7460.269794517176
2024-04-23,0.004708735508977175,7495.398231805169
2024-04-24,0.005403447707687925,7535.8992241990245
2024-04-25,-0.00023257832979589892,7534.14653734395
2024-04-26,-0.013364322468111565,7433.457773496879
2024-04-29,0.011986906946284421,7522.56194011692
2024-04-30,-0.007164982242769213,7468.662917395851
2024-05-01,-0.005196907697770799,7429.84896558838
2024-05-02,0.008005559577271748,7489.329064132528
2024-05-03,0.01666185880228229,7614.115207522932
2024-05-06,0.009812123030927156,7688.8258427108
2024-05-07,0.007639085804600822,7747.561443059902
2024-05-08,0.001951413146495445,7762.68013631317
2024-05-09,0.004609264523393883,7798.460382471933
2024-05-10,0.0037059818686625157,7827.361335252857
2024-05-13,-5.2121505568475564e-05,7826.953361395435
2024-05-14,0.0019499092573541778,7842.215210211701
2024-05-15,0.0035441118329397735,7870.008897934672
2024-05-16,0.006267278462376562,7919.332435199409
2024-05-17,0.007002499564129313,7974.787557125088
2024-05-20,-0.0018847011588145751,7959.757465774875
2024-05-21,0.0028871682262780456,7982.73862461894
2024-05-22,0.020252787351633515,8144.41133246702
2024-05-23,-0.0158789241997038,8015.086842267567
2024-05-24,0.002101462914594547,8031.930250023847
2024-05-28,-0.002205052916444866,8014.219418801351
2024-05-29,-0.009118490990344716,7941.141831236365
2024-05-30,0.004727475803901637,7978.683387098885
2024-05-31,0.02127093097763765,8148.3974107182885
2024-06-03,-0.004649015954010254,8110.515381156243
2024-06-04,-0.0007967753359049428,8104.053122539061
2024-06-05,0.005247777198216712,8146.581387728658
2024-06-06,0.004962693992071368,8187.010378237459
2024-06-07,0.0025690606834727426,8208.043304715373
2024-06-10,0.00014887717835331324,8209.26529504238
2024-06-11,0.008608239290598549,8279.932615102112
2024-06-12,0.0014456709454190898,8291.902673113793
2024-06-13,-0.0011950938198255967,8281.993071474559
2024-06-14,-0.009486282813663927,8203.427742937747
2024-06-17,0.012493845701833881,8305.920103384156
2024-06-18,0.004730774231365529,8345.213536177027
2024-06-20,-0.001445582848710666,8333.1498386203
2024-06-21,-0.0027472804968044183,8310.256338591711
2024-06-24,0.0047457290001837165,8349.694563096728
2024-06-25,-0.005075528056119177,8307.315454081703
2024-06-26,-0.002297384025282771,8288.23036026451
2024-06-27,-0.00043720176589341457,8284.60673131487
2024-06-28,0.0003521378257867291,8287.524054716734
2024-07-01,0.0019341342630424738,8303.553238946752
2024-07-02,0.004411482959766078,8340.184222565877
2024-07-03,-0.0027301890032185106,8317.413943316611
2024-07-05,0.006024098526791515,8367.518864399259
2024-07-08,0.009365285672402007,8445.88306893357
2024-07-09,0.00013453105872573761,8447.019302524708
2024-07-10,0.011780329994682865,8546.527977379905
2024-07-11,-0.007353954052691228,8483.677203324212
2024-07-12,0.006232408554594701,8536.55094570063
2024-07-15,-0.0013684173243545712,8524.869381496297
2024-07-16,0.010027191683045037,8610.349880857482
2024-07-17,0.0009292459024478209,8618.351013202911
2024-07-18,-0.008024620015798001,8549.192021159191
2024-07-19,-0.011216213120801378,8453.302461439214
2024-07-22,0.009667761951648254,8535.026977341691
2024-07-23,-0.014412205915138015,8412.018411052984
2024-07-24,-0.0054304707636634725,8366.337191008362
2024-07-25,0.0006439978113946679,8371.725093848761
2024-07-26,0.01595339334560911,8505.282517252235
2024-07-29,-0.0042836554316160545,8468.84881759978
2024-07-30,0.0032791299021391485,8496.619272994267
2024-07-31,0.0009938669048160055,8505.063781692517
2024-08-01,-0.011560926208524652,8406.737366913574
2024-08-02,-0.011039712480732556,8313.929403481818
2024-08-05,-0.0297278135895791,8066.774459978189
2024-08-06,0.0042741342213826715,8101.252936753756
2024-08-07,0.0020434476118905208,8117.807422720686
2024-08-08,0.02299599461106307,8304.48447846722
2024-08-09,0.000728122546281866,8310.53116085124
2024-08-12,-0.0007411823120219989,8304.371542151308
2024-08-13,0.01071278361401998,8393.3344775328
2024-08-14,0.006277400985413736,8446.022803652972
2024-08-15,0.01400754097476336,8564.330814148927
2024-08-16,0.00382385216510564,8597.079549075292
2024-08-19,0.008269676718226432,8668.17461766702
2024-08-20,-0.004993638116216337,8624.88889049822
2024-08-21,0.008092549371341655,8694.686229666913
2024-08-22,-0.002975729420398682,8668.813196052157
2024-08-23,0.018032231644596438,8825.131243687105
2024-08-26,-0.0005904102346777382,8819.920795878457
2024-08-27,0.00631242622269106,8875.595895192417
2024-08-28,-0.0039928511606542386,8840.1569618208
2024-08-29,0.008813187454420442,8918.066922251826
2024-08-30,0.004881370472648395,8961.599310799209
2024-09-03,-0.018702474067600325,8793.99523208476
2024-09-04,0.003176976070264659,8821.933544499116
2024-09-05,-0.011688437128605128,8718.818928911505
2024-09-06,-0.01089097824627598,8623.862461623512
2024-09-09,0.01022913647913527,8712.077127720751
2024-09-10,8.742060864703257e-05,8712.838742805836
2024-09-11,0.0004288451889172505,8716.575201782498
2024-09-12,-0.0006016499394716963,8711.330874839945
2024-09-13,0.009240873340982458,8791.831180085732
2024-09-16,-0.001894312152835792,8775.176707435614
2024-09-17,-0.000330750664787875,8772.274311906
2024-09-18,-0.0007175072008093319,8765.980141919732
2024-09-19,0.02130645919918843,8952.752140154442
2024-09-20,-0.006678588261500322,8892.960394803084
2024-09-23,-0.002548101586157624,8870.30022831545
2024-09-24,0.0004961884275994815,8874.701568638073
2024-09-25,-0.0128357338109616,8760.788261651312
2024-09-26,0.01016793834900338,8849.867416584457
2024-09-27,0.006511267028957415,8907.491266504705
2024-09-30,0.002151155582008863,8926.652666064341
2024-10-01,-0.009825649782072727,8838.942503241387
2024-10-02,0.0019444375861676782,8856.129275266665
2024-10-03,-0.0060521831121390975,8802.530359227976
2024-10-04,0.007450555641164203,8868.11410145244
2024-10-07,-0.020273414769258258,8688.327146052587
2024-10-08,0.005095110888185661,8732.595136294558
2024-10-09,0.012261475416883716,8839.669636883831
2024-10-10,-0.00046856535528289923,8835.527673939841
2024-10-11,0.003658677952025398,8867.854024234995
2024-10-14,0.0018721640038041835,8884.456101330157
2024-10-15,-0.01688612198916714,8734.432091795696
2024-10-16,-0.0007371308530189789,8727.993672417233
2024-10-17,0.0008208744143416843,8735.158259111457
2024-10-18,-0.0034558767468213627,8704.970628803989
2024-10-21,-0.0045399639561613525,8665.450375909775
2024-10-22,-0.0019512778313467457,8648.541674692628
2024-10-23,-0.0033366272648086438,8619.684714740013
2024-10-24,0.005787175469479235,8669.568342675802
2024-10-25,-0.0037816556350503535,8636.783020699268
2024-10-28,0.006730473319565579,8694.912658386962
2024-10-29,-0.00043015503054184227,8691.172497966834
2024-10-30,0.0031642166635706707,8718.673250810867
2024-10-31,-0.0210511856382373,8535.134841688916
2024-11-01,-0.008064401999072742,8466.304083209243
2024-11-04,-0.004686754697818272,8426.624592774104
2024-11-05,-0.012151545744846205,8324.228078560363
2024-11-06,0.022444331958940814,8511.059816857509
2024-11-07,-0.0016957686175236722,8496.627028718214
2024-11-08,-0.0004579026771190206,8492.736400455284
2024-11-11,-0.03402808229477836,8203.744867312731
2024-11-12,-0.006982696310776375,8146.460608293196
2024-11-13,-0.004353982403826113,8110.9910621512245
2024-11-14,0.0015790291694542686,8123.798553631544
2024-11-15,-0.007085277900249891,8066.239183273416
2024-11-18,-0.004478305472896937,8030.116100193266
2024-11-19,-0.000276968626453979,8027.892009966729
2024-11-20,0.004653064274858599,8065.246307480728
2024-11-21,0.011894809939513307,8161.180879423573
2024-11-22,0.00985557882758033,8241.614040906872
2024-11-25,0.011403847630279759,8335.600151656949
2024-11-26,0.005815564298319196,8384.076370303988
2024-11-27,0.0033921368559920164,8412.516304763147
2024-11-29,0.0034960726486429634,8441.927072922492
2024-12-02,0.0012580966272384836,8452.547832900329
2024-12-03,-0.002749555607064737,8429.307082612395
2024-12-04,-0.015558019143402949,8298.163761655489
2024-12-05,-0.0017490733403254365,8283.649664646324
2024-12-06,-0.0013696209679829835,8272.304204374197
2024-12-09,0.0026540365142770864,8294.259201789815
2024-12-10,-0.008257802321506712,8225.766848898096
2024-12-11,0.003655801175780681,8255.838617015996
2024-12-12,0.0006777669565519247,8261.434151629233
2024-12-13,-0.004301581445602861,8225.896919768515
2024-12-16,-0.007101650126453691,8167.479477868046
2024-12-17,0.0014640900914741554,8179.437403643911
2024-12-18,-0.02302556162571374,7991.101263642639
2024-12-19,-0.0015757211502978096,7978.509516367346
2024-12-20,0.021338163379182574,8148.756255949955
2024-12-23,0.008851774611686512,8220.887209693194
2024-12-24,0.009211390438086779,8296.613011529153
2024-12-26,0.00020089242270084247,8298.27973821725
2024-12-27,-0.0063462769997020005,8245.616556377508
2024-12-30,-0.011760683256519779,8148.642471803237
2024-12-31,0.0029956220834559547,8173.052725141957
2025-01-02,-0.00762208281858643,8110.757040390252
2025-01-03,0.004752932203316434,8149.3069187207975
2025-01-06,-0.0005684835636719774,8144.674171682187
2025-01-07,-0.002342434838009643,8125.595803158201
2025-01-08,0.006038997253916802,8174.666253899911
2025-01-10,-0.016232015020017553,8041.974948482976
2025-01-13,0.005765942700811214,8088.344515237288
2025-01-14,-0.001720088786078183,8074.431844538691
2025-01-15,0.005825081657901993,8121.466069374293
2025-01-16,-0.0034803350170175386,8093.20064662353
2025-01-17,0.0027637758529756268,8115.568439143955
2025-01-21,-0.004661496071937932,8077.737748743342
2025-01-22,-0.006760402727661971,8023.128988433399
2025-01-23,0.005543380902092434,8067.6042484429045
2025-01-24,-0.011988513020707935,7970.885669864528
2025-01-27,0.026992796590871674,8186.042165400275
2025-01-28,-0.009303376043162524,8109.884336830371
2025-01-29,0.0031207088566081835,8135.1929247063845
2025-01-30,0.002997392861342015,8159.57729390454
2025-01-31,0.002678834455370319,8181.435450700708
2025-02-03,-0.010921058344247081,8092.085516803914
2025-02-04,-0.0060728103329498375,8042.943816262354
2025-02-05,0.0015364961374574916,8055.301768369828
2025-02-06,-0.002073074921638724,8038.602524287588
2025-02-07,-0.00965886920412526,7960.958713921543
2025-02-10,-0.0035176929411717636,7932.954505648621
2025-02-11,0.0020165999804540266,7948.952101549656
2025-02-12,-0.001729704328208079,7935.202764694886
2025-02-13,0.014978326824410942,8054.058825122456
2025-02-14,0.004335944512468245,8088.980777288342
2025-02-18,0.008097233257862529,8154.479141460413
2025-02-19,0.022301145795868345,8336.333369683489
2025-02-20,0.009176406847740435,8412.830956302101
2025-02-21,0.0019193140983640835,8428.977821363684
2025-02-24,0.005728648587062438,8477.26447325042
2025-02-25,0.0018583312603229602,8493.018038823086
2025-02-26,-0.016877266253515967,8349.679112085954
2025-02-27,-0.005031250063402287,8307.669788523885
2025-02-28,0.017664097201291175,8454.4172751846
2025-03-03,-0.00461320539785755,8415.415311774977
2025-03-04,-0.012989982735385194,8306.099212163925
2025-03-05,0.005167604146953991,8349.021844897714
2025-03-06,0.0030003892822720877,8374.0721605586
2025-03-07,0.014223237209703619,8493.1785753094
2025-03-10,-0.011867165339914932,8392.388620894779
2025-03-11,-0.024485876189222384,8186.893632191711
2025-03-12,-0.015760636867043584,8057.862974585626
2025-03-13,-0.006413252353508748,8006.185865899613
2025-03-14,0.01318173760494096,8111.721307200289
2025-03-17,0.015123582971741854,8234.399597433377
2025-03-18,-0.009631527991917637,8155.089747214062
2025-03-19,-0.001705764905542035,8141.1790813217185
2025-03-20,-0.008544726043026939,8071.614936404603
2025-03-21,-0.00222405258085077,8053.6632403736585
2025-03-24,0.01289968322980396,8157.552945013996
2025-03-25,-0.0018472490655316626,8142.483912959294
2025-03-26,0.0024045295929311793,8162.06275648797
2025-03-27,0.009241861505159722,8237.495410079853
2025-03-28,-0.015421885554915348,8110.457698606462
2025-03-31,0.011053987082270315,8200.110593238158
2025-04-01,-0.0038673313476500705,8168.398048486731
2025-04-02,0.0004107446295424617,8171.7531741171115
2025-04-03,-0.043483046266067776,7816.42045277209
2025-04-04,-0.0825603516282501,7171.094031716982
2025-04-07,-0.007632650528766672,7116.359577063961
2025-04-08,-0.02992858520161427,6903.377003136478
2025-04-09,0.09628603879797423,7568.07582909752
2025-04-10,-0.034851110242346064,7304.319984055208
2025-04-11,0.01952934393948285,7446.9685612678595
2025-04-14,0.012593506448796579,7540.752007868171
2025-04-15,-0.004324713726516535,7508.140414151486
2025-04-16,-0.017512500303921617,7376.654102866772
2025-04-17,0.012441007422358322,7468.427111312709
2025-04-21,-0.013479780144109456,7367.754355829908
2025-04-22,0.023989618249180014,7544.503970180001
2025-04-23,0.011117694232931657,7628.381458459601
2025-04-24,0.022530288388487692,7800.251092656089
2025-04-25,0.0012704360265307882,7810.160812660185
2025-04-28,0.006974007291081768,7864.628931112198
2025-04-29,0.0026589636845013175,7885.540693832105
2025-04-30,0.0013731838550346386,7896.3689910010935
2025-05-01,-0.005182846867495154,7855.443319711498
2025-05-02,0.010243437209883435,7935.910060112761
2025-05-05,-0.010833017622856104,7849.940206578158
2025-05-06,-0.0072654037356615795,7792.907221676565
2025-05-07,0.0005955479354335124,7797.54827148346
2025-05-08,0.004799880142902983,7834.97556859508
2025-05-09,0.008100006620090023,7898.438922568945
2025-05-12,0.039187465522069635,8207.958725525288
2025-05-13,0.003625107253248189,8237.713456235551
2025-05-14,-0.02222642550440784,8054.618531773874
2025-05-15,0.007910287993440086,8118.332884037504
2025-05-16,0.009830995561193422,8198.14417858477
2025-05-19,-0.0020478352872659476,8181.355729645769
2025-05-20,-0.004248759034802259,8146.595120572506
2025-05-21,-0.02019573011130596,7982.068684191342
2025-05-22,-0.012472859516415658,7882.509462843043
2025-05-23,-0.00650375355508857,7831.243563901059
2025-05-27,0.02226286500059298,8005.589482150951
2025-05-28,-0.008411591482473292,7938.249733850712
2025-05-29,0.005122185934749113,7978.910924983968
2025-05-30,0.0011573575173967996,7988.145377523638
2025-06-02,0.005050052852274677,8028.485933871786
2025-06-03,0.0002567262146457188,8030.547056674926
2025-06-04,-0.00268509787256596,8008.984251857507
2025-06-05,-0.0039225271707635035,7977.568793519379
2025-06-06,0.013571634253065038,8085.837439413689
2025-06-09,-0.00290237166298718,8062.369333958014
2025-06-10,0.004480467713441984,8098.492519452658
2025-06-11,-0.0035474758106755298,8069.763313136963
2025-06-12,0.010728614128701077,8156.340689833558
2025-06-13,-0.002840614642197853,8133.171669043262
2025-06-16,0.016429703728425664,8266.797269938068
2025-06-17,-0.01459568833918371,8146.137673422838
2025-06-18,0.0028412255532509066,8169.282687940865
2025-06-20,0.001464279298796467,8181.244799466834
2025-06-23,0.0002765637881806996,8183.507435520608
2025-06-24,0.004329817708865313,8218.940530935557
2025-06-25,-0.005375627810399117,8174.758565645442
2025-06-26,0.008890333846775235,8247.434898410816
2025-06-27,-0.009413541622498932,8169.797326715775
2025-06-30,0.013288457775261699,8278.361333524283
2025-07-01,0.016809886157515514,8417.519645111604
2025-07-02,0.007500850213183269,8480.658199136114
2025-07-03,-0.0003418135820042371,8477.759394979314
2025-07-07,-0.010606337599540702,8387.841416748486
2025-07-08,0.006977734938963473,8446.369550864616
2025-07-09,-0.007104040311367977,8386.366201090563
2025-07-10,0.012536516207965871,8491.502016896471
2025-07-11,-0.005603339521251175,8443.921248050412
2025-07-14,-0.0004378943353244441,8440.223702767966
2025-07-15,-0.014782764988097625,8315.453859322975
2025-07-16,0.008658978467760951,8387.457195240511
2025-07-17,-0.0015977893115047622,8374.055805783253
2025-07-18,0.0020747788404425873,8391.430119577777
2025-07-21,-0.007255506403379788,8330.546044611665
2025-07-22,0.00807687073812156,8397.830788191963
2025-07-23,-0.0007879862951380243,8391.21341262198
2025-07-24,-0.005530417169872641,8344.80650188875
2025-07-25,0.0022991213821372397,8363.99222494704
2025-07-28,-0.0066104946761402356,8308.702098872749
2025-07-29,-0.002674340898669964,8286.481797034869
2025-07-30,-0.0012816061340824767,8275.861791133826
2025-07-31,-0.00997439737489714,8193.31505700933
2025-08-01,0.002249919654946198,8211.749357595261
2025-08-04,0.006652504621740257,8266.378058149236
2025-08-05,0.01174275961939874,8363.448148609154
2025-08-06,0.007316167965294927,8424.636540033413
2025-08-07,0.013147605851358043,8535.40034070272
2025-08-08,0.008264268520610192,8605.939181049196
2025-08-11,0.0026961762238098754,8629.142309652694
2025-08-12,0.005576316862975643,8677.261141427027
2025-08-13,0.020119844863111636,8851.846289429248
2025-08-14,0.003205747123886471,8880.223070212669
2025-08-15,-0.003104718184190402,8852.652480166913
2025-08-18,-0.0018731872818637605,8836.069804130304
2025-08-19,0.00265777654866344,8859.554103238075
2025-08-20,0.01619417305561422,9003.02725558149
2025-08-21,0.003843635379198257,9037.631609660928
2025-08-22,0.013457441183002142,9159.255005481582
2025-08-25,-0.0007827731043640127,9152.085387007279
2025-08-26,-0.0028933777500893803,9125.604946781596
2025-08-27,0.002071473114585941,9144.508392083186
2025-08-28,-0.0005885424809186563,9139.126460427327
2025-08-29,0.0003714990532303151,9142.52163725473
2025-09-02,-0.005362259351543785,9093.49706510867
2025-09-03,0.00692164075798197,9156.438985027115
2025-09-04,0.0026996230280161406,9181.157918565717
2025-09-05,0.0015039397627661026,9194.965827027683
2025-09-08,-0.005458589357788598,9144.77428441904
2025-09-09,-0.006201318107376183,9088.064630061202
2025-09-10,-0.006372860366486894,9030.147663172216
2025-09-11,0.015561928883304725,9170.67417891224
2025-09-12,-0.00021255637293319,9168.72489367142
2025-09-15,-0.007247135780310154,9102.277899434674
2025-09-16,-0.00018319003479371008,9100.610452829575
2025-09-17,0.0026218966406629687,9124.471312803831
2025-09-18,0.0034286057282707544,9155.755527414352
2025-09-19,0.007023974144893912,9220.06531751588
2025-09-22,0.0037215546067360886,9254.37829407269
2025-09-23,0.002059980775149829,9273.442135444444
2025-09-24,0.00523284666257408,9321.968636173478
2025-09-25,-0.002528539002644231,9298.397674895488
2025-09-26,0.0022066671740463123,9318.916143815908
2025-09-29,-0.004000293048104004,9281.637748349938
2025-09-30,0.008524566230340662,9360.759684061777
2025-10-01,0.0039428769828321,9397.668007961885
2025-10-02,-0.006283408190977344,9338.618623824572
2025-10-03,0.009086077928114568,9423.470040381584
2025-10-06,0.002063404056175267,9442.914466686154
2025-10-07,0.0023435674226730957,9465.044573405368
2025-10-08,-0.0008133708260021368,9457.34598228255
2025-10-09,-0.008427342514347345,9377.64568841317
2025-10-10,-0.018641847852936624,9202.829044271022
2025-10-13,0.01222866331529372,9315.36734220162
2025-10-14,0.00033293101160908215,9318.46871687437
2025-10-15,0.0002429754739793513,9320.732876227614
2025-10-16,-0.007008136321403041,9255.411909615626
2025-10-17,0.009351797883408902,9341.96665112205
2025-10-20,0.013437031035153705,9467.494946942546
2025-10-21,-0.0030252798460608014,9438.85312528688
2025-10-22,-0.009483079010680918,9349.343735329572
2025-10-23,0.003918830729489321,9385.98223086014
2025-10-24,-0.00015729439136051224,9384.505868497816
2025-10-27,0.0016283199000697844,9399.786846155812
2025-10-28,-0.007980306873898698,9324.773662574251
2025-10-29,-0.005292965771415075,9275.417954752054
2025-10-30,0.004560219045446337,9317.715892363789
2025-10-31,-0.009896292297556144,9225.505052347373
2025-11-03,-0.009169761132116351,9140.909374694214
2025-11-04,0.004341204089890435,9180.591927856956
2025-11-05,-0.005896890097307349,9126.454986230157
2025-11-06,0.0011839142451560369,9137.25992629613
2025-11-07,0.00040868513827675874,9140.994188632578
2025-11-10,0.0004371697841570386,9144.990355089003
2025-11-11,0.019202398326179957,9320.596102576495
2025-11-12,0.01563348178231288,9466.309471946422
2025-11-13,0.0014505324026613028,9480.0406605691
2025-11-14,-0.0038236666368019995,9443.792145379755
2025-11-17,-0.007528556927154345,9372.69401860505
2025-11-18,0.0077926974875248975,9445.732587735174
2025-11-19,-0.008711139544980283,9363.449493058844
2025-11-20,-0.010399621941287795,9266.07315826469
2025-11-21,0.02010187832308249,9452.338633424906
2025-11-24,0.0025714377528609934,9476.644733839721
2025-11-25,0.02051303680996059,9671.039496099895
2025-11-26,0.006064366189199486,9729.688221034456
2025-11-28,0.0063362617149147395,9791.338072007455
2025-12-01,-0.000687599652435211,9784.605551352266
2025-12-02,0.004670363765416102,9830.303218578192
2025-12-03,0.006041502505530145,9889.693020103352
2025-12-04,-0.0066451631380087806,9823.974396599939
2025-12-05,-0.0033904642797582987,9790.666562323006
2025-12-08,-0.010120152583234735,9691.583522820723
2025-12-09,-9.423523177968032e-05,9690.670234201138
2025-12-10,0.007133467238925956,9759.798312840046
2025-12-11,0.009639563726458482,9853.878510634051
2025-12-12,-0.002383432766829597,9830.392453711447
2025-12-15,0.005969971610873066,9889.079617583844
2025-12-16,-0.012081782171735096,9769.601911765252
2025-12-17,-0.004083130012202301,9729.711356992055
2025-12-18,0.00207205875483168,9749.871890591296
2025-12-19,0.0036043899263701546,9785.014230617144
2025-12-22,0.0005670156645185332,9790.562486963441
2025-12-23,0.000814797383735239,9798.539811663113
2025-12-24,0.0025499186131213605,9823.525290710284
2025-12-26,-0.0013895885372075594,9809.874632571344
2025-12-29,0.0022925195603196993,9832.363962050797
2025-12-30,-0.0016491092043356788,9816.149320140601
2025-12-31,-0.008485264325655797,9732.856698499101
2026-01-02,0.0030973749354108616,9763.003004886978
2026-01-05,-0.005105770858423488,9713.155348653925
2026-01-06,0.012980772124064725,9839.23960484044
2026-01-07,0.003021306157320555,9868.966960041897
2026-01-08,0.007019708434618516,9938.244230652273
2026-01-09,-0.0022146360888882105,9916.234636318886
2026-01-12,-0.007293514814181154,9843.910432097997
2026-01-13,0.0013555886750717234,9857.25472559817
2026-01-14,0.006395151447602857,9920.29336242597
2026-01-15,0.0021114786705695296,9941.239850266524
2026-01-16,-0.0103289610700747,9838.557170864846
2026-01-20,-0.005566034225137708,9783.795424925838
2026-01-21,0.015603506423305716,9936.456939682977
2026-01-22,0.0034920084220113746,9971.155131001306
2026-01-23,0.0010469235590020581,9981.594168218415
2026-01-26,0.007456703446552465,10056.023955854656
2026-01-27,0.00702461901988782,10126.663692999398
2026-01-28,0.0020554281611197614,10147.47832273218
2026-01-29,0.005586091507025636,10204.16306520852
2026-01-30,0.00019685445776969953,10206.171800195716
2026-02-02,0.018005188218700847,10389.935844450638
2026-02-03,-0.005690141775176318,10330.815636460726
2026-02-04,0.010192643452414395,10436.113956815798
2026-02-05,0.0004109805568682117,10440.40299674131
2026-02-06,0.005323148201383377,10495.97880917513
2026-02-09,-0.0077087167588216765,10415.068281428605
2026-02-10,0.007435192339117359,10492.506317326066
2026-02-11,0.010754282329908462,10605.34569261094
2026-02-12,-0.004266513400903867,10560.097843092195
2026-02-13,-0.000481316464119494,10555.015094137603
2026-02-17,0.006063585123124425,10619.016326636767
2026-02-18,-0.0026704871129521355,10590.658380384255
2026-02-19,-0.0027511085259615347,10561.522329818434
2026-02-20,0.006574536255131499,10630.959441285206
2026-02-23,0.005298311234274073,10687.285573124082
2026-02-24,0.006048807004314349,10751.930900955902
2026-02-25,0.0015376063290566226,10768.46313795879
2026-02-26,-0.005979580232275955,10704.072248647059
2026-02-27,0.006773830163410638,10776.57981611627
2026-03-02,0.003855968289172577,10818.133966152951
2026-03-03,-0.014492816274507637,10661.348738148487
2026-03-04,-0.003818644175908505,10620.636840882227
2026-03-05,-0.016651472353465393,10443.78760015008
2026-03-06,-0.009516025807956675,10344.404247814236
2026-03-09,0.00019002452235716795,10346.369938290496
2026-03-10,0.005302039326337583,10401.22679858815
2026-03-11,0.002113286014444369,10423.207565714672
2026-03-12,-0.009917792626911935,10319.832354570655
2026-03-13,-0.013267432393330994,10182.91467649588
2026-03-16,0.004014128679565817,10223.790206340374
2026-03-17,0.006718547157063106,10292.479222965594
2026-03-18,-0.02370882300230312,10048.45665481342
2026-03-19,-0.009411417980392201,9953.886429177117
2026-03-20,-0.009469770810905283,9859.62540601503
2026-03-23,0.012917975563546163,9986.991806075652
2026-03-24,0.016578948228637782,10152.56562618841
2026-03-25,0.0028506151183585976,10181.50668325255
2026-03-26,0.002254359877789835,10204.459463414723
2026-03-27,-0.010443952058376718,10097.88457799717
2026-03-30,0.0023661450748848093,10121.777637858157
2026-03-31,0.023225467661902574,10356.8606570672
2026-04-01,-0.0012464448978352339,10343.951400943608
2026-04-02,-0.00022983968438738608,10341.573950418297
2026-04-06,0.004789850693434924,10391.108545575918
2026-04-07,-0.007504119004131106,10313.132430465073
2026-04-08,0.023078117355860066,10551.140111001872
2026-04-09,0.001635380743082636,10568.395242356974
2026-04-10,-0.012471726567583247,10436.58910663615
2026-04-13,0.00014211472798610053,10438.07229965814
2026-04-14,-0.002080927135883808,10416.351431763464
2026-04-15,0.0008930479823537684,10425.653733393088
2026-04-16,0.006049678560423117,10488.72558726239
2026-04-17,0.010813154320181581,10602.141795659494
2026-04-20,0.0065366889519761304,10671.444698802468
2026-04-21,0.0003721369480984317,10675.41593766448
2026-04-22,-0.001321279687779123,10661.310727427452
2026-04-23,0.016831421729823853,10840.755744473476
2026-04-24,-0.012215972118470395,10708.325374555841
2026-04-27,-0.0032607904376948976,10673.407769570764
2026-04-28,0.005123313530644003,10728.090984014689
